{
	"info": {
		"_postman_id": "1677571c-d038-4972-904d-fe71d653c8b9",
		"name": "Security_Application",
		"schema": "https://schema.getpostman.com/json/collection/v2.1.0/collection.json",
		"_exporter_id": "18098958"
	},
	"item": [
		{
			"name": "Signup_API_Security",
			"request": {
				"method": "POST",
				"header": [],
				"body": {
					"mode": "raw",
					"raw": "{\r\n    \"username\": \"anushikha_lnu\",\r\n    \"password\": \"Anushikha@2111\",\r\n    \"email\": \"anushikha_lnu@cognizant.com\"\r\n}",
					"options": {
						"raw": {
							"language": "json"
						}
					}
				},
				"url": {
					"raw": "http://localhost:8080/api/signup",
					"protocol": "http",
					"host": [
						"localhost"
					],
					"port": "8080",
					"path": [
						"api",
						"signup"
					]
				}
			},
			"response": []
		},
		{
			"name": "Login_API_Security",
			"request": {
				"auth": {
					"type": "basic",
					"basic": [
						{
							"key": "password",
							"value": "Anushikha@2111",
							"type": "string"
						},
						{
							"key": "username",
							"value": "anushikha_lnu",
							"type": "string"
						}
					]
				},
				"method": "POST",
				"header": [],
				"body": {
					"mode": "raw",
					"raw": "{\r\n    \"username\": \"anushikha_lnu\",\r\n    \"password\": \"Anushikha@2111\"\r\n}",
					"options": {
						"raw": {
							"language": "json"
						}
					}
				},
				"url": {
					"raw": "http://localhost:8080/api/login",
					"protocol": "http",
					"host": [
						"localhost"
					],
					"port": "8080",
					"path": [
						"api",
						"login"
					]
				}
			},
			"response": []
		}
	]
}