{
	"info": {
		"_postman_id": "c4eb334f-6923-46b8-ae6b-b5a076e16ca6",
		"name": "Employee_Mang",
		"schema": "https://schema.getpostman.com/json/collection/v2.1.0/collection.json",
		"_exporter_id": "18098958"
	},
	"item": [
		{
			"name": "Add_Attendance",
			"event": [
				{
					"listen": "prerequest",
					"script": {
						"exec": [
							"let moment = require('moment');\r",
							"pm.globals.set(\"CurrentDate\", moment('2023-07-03').format('DD-MM-yyyy'));"
						],
						"type": "text/javascript"
					}
				}
			],
			"request": {
				"method": "POST",
				"header": [],
				"body": {
					"mode": "raw",
					"raw": "{\r\n    \"currentDate\": \"{{CurrentDate}}\",\r\n    \"attendanceStatus\": \"Absent\",\r\n    \"employeeID\": 1\r\n}",
					"options": {
						"raw": {
							"language": "json"
						}
					}
				},
				"url": {
					"raw": "http://localhost:8080/api/attendance/add",
					"protocol": "http",
					"host": [
						"localhost"
					],
					"port": "8080",
					"path": [
						"api",
						"attendance",
						"add"
					]
				}
			},
			"response": []
		},
		{
			"name": "Add_Department",
			"request": {
				"method": "POST",
				"header": [],
				"body": {
					"mode": "raw",
					"raw": "{\r\n    \"dept_name\": \"Director's Board\"\r\n}",
					"options": {
						"raw": {
							"language": "json"
						}
					}
				},
				"url": {
					"raw": "http://localhost:8080/api/department/add",
					"protocol": "http",
					"host": [
						"localhost"
					],
					"port": "8080",
					"path": [
						"api",
						"department",
						"add"
					]
				}
			},
			"response": []
		},
		{
			"name": "Add_Employee",
			"request": {
				"method": "POST",
				"header": [],
				"body": {
					"mode": "raw",
					"raw": "{\r\n    \"firstName\": \"Sowmiya\",\r\n    \"lastName\": \"R\",\r\n    \"gender\": \"Female\",\r\n    \"email\": \"sowmiya.r@cognizant.com\",\r\n    \"salary\": {\r\n        \"amount\": 25000,\r\n        \"payroll\": \"USD\"\r\n    },\r\n    \"department\": {\r\n        \"dept_id\": 3\r\n    },\r\n    \"attendance\": null\r\n}",
					"options": {
						"raw": {
							"language": "json"
						}
					}
				},
				"url": {
					"raw": "http://localhost:8080/api/employees/add",
					"protocol": "http",
					"host": [
						"localhost"
					],
					"port": "8080",
					"path": [
						"api",
						"employees",
						"add"
					]
				}
			},
			"response": []
		},
		{
			"name": "Add_Salary",
			"request": {
				"method": "POST",
				"header": [],
				"body": {
					"mode": "raw",
					"raw": "{\r\n    \"employeeID\": 1,\r\n    \"amount\": 7500000,\r\n    \"payroll\": \"USD\"\r\n}",
					"options": {
						"raw": {
							"language": "json"
						}
					}
				},
				"url": {
					"raw": "http://localhost:8080/api/salary/add",
					"protocol": "http",
					"host": [
						"localhost"
					],
					"port": "8080",
					"path": [
						"api",
						"salary",
						"add"
					]
				}
			},
			"response": []
		},
		{
			"name": "Get_Attendance_By_ID",
			"request": {
				"method": "GET",
				"header": [],
				"url": {
					"raw": "http://localhost:8080/api/attendance/6",
					"protocol": "http",
					"host": [
						"localhost"
					],
					"port": "8080",
					"path": [
						"api",
						"attendance",
						"6"
					]
				}
			},
			"response": []
		},
		{
			"name": "Get_Department_By_ID",
			"request": {
				"method": "GET",
				"header": [],
				"url": {
					"raw": "http://localhost:8080/api/department/1",
					"protocol": "http",
					"host": [
						"localhost"
					],
					"port": "8080",
					"path": [
						"api",
						"department",
						"1"
					]
				}
			},
			"response": []
		},
		{
			"name": "Get_Employee_By_ID",
			"request": {
				"method": "GET",
				"header": [],
				"url": {
					"raw": "http://localhost:8080/api/employees/3",
					"protocol": "http",
					"host": [
						"localhost"
					],
					"port": "8080",
					"path": [
						"api",
						"employees",
						"3"
					]
				}
			},
			"response": []
		},
		{
			"name": "Get_Salary_By_ID",
			"request": {
				"method": "GET",
				"header": [],
				"url": {
					"raw": "http://localhost:8080/api/salary/6",
					"protocol": "http",
					"host": [
						"localhost"
					],
					"port": "8080",
					"path": [
						"api",
						"salary",
						"6"
					]
				}
			},
			"response": []
		},
		{
			"name": "Get_All_Attendances_For_Employee",
			"request": {
				"method": "GET",
				"header": [],
				"url": {
					"raw": "http://localhost:8080/api/attendance/employee/1",
					"protocol": "http",
					"host": [
						"localhost"
					],
					"port": "8080",
					"path": [
						"api",
						"attendance",
						"employee",
						"1"
					]
				}
			},
			"response": []
		},
		{
			"name": "Get_All_Departments",
			"request": {
				"method": "GET",
				"header": [],
				"url": {
					"raw": "http://localhost:8080/api/department",
					"protocol": "http",
					"host": [
						"localhost"
					],
					"port": "8080",
					"path": [
						"api",
						"department"
					]
				}
			},
			"response": []
		},
		{
			"name": "Get_All_Employees",
			"request": {
				"method": "GET",
				"header": [],
				"url": {
					"raw": "http://localhost:8080/api/employees",
					"protocol": "http",
					"host": [
						"localhost"
					],
					"port": "8080",
					"path": [
						"api",
						"employees"
					]
				}
			},
			"response": []
		},
		{
			"name": "Get_All_Salaries",
			"request": {
				"method": "GET",
				"header": [],
				"url": {
					"raw": "http://localhost:8080/api/salary",
					"protocol": "http",
					"host": [
						"localhost"
					],
					"port": "8080",
					"path": [
						"api",
						"salary"
					]
				}
			},
			"response": []
		},
		{
			"name": "Update_Attendance",
			"event": [
				{
					"listen": "prerequest",
					"script": {
						"exec": [
							"let moment = require('moment');\r",
							"pm.globals.set(\"CurrentDate\", moment('2023-07-02').format('DD-MM-yyyy'));"
						],
						"type": "text/javascript"
					}
				}
			],
			"request": {
				"method": "PUT",
				"header": [],
				"body": {
					"mode": "raw",
					"raw": "{\r\n    \"attendance_id\": 6,\r\n    \"employeeID\": 1,\r\n    \"currentDate\": \"{{CurrentDate}}\",\r\n    \"attendanceStatus\": \"Present\"\r\n}",
					"options": {
						"raw": {
							"language": "json"
						}
					}
				},
				"url": {
					"raw": "http://localhost:8080/api/attendance",
					"protocol": "http",
					"host": [
						"localhost"
					],
					"port": "8080",
					"path": [
						"api",
						"attendance"
					]
				}
			},
			"response": []
		},
		{
			"name": "Update_Department",
			"request": {
				"method": "PUT",
				"header": [],
				"body": {
					"mode": "raw",
					"raw": "{\r\n    \"dept_id\": 2,\r\n    \"dept_name\": \"Strategies\"\r\n}",
					"options": {
						"raw": {
							"language": "json"
						}
					}
				},
				"url": {
					"raw": "http://localhost:8080/api/department",
					"protocol": "http",
					"host": [
						"localhost"
					],
					"port": "8080",
					"path": [
						"api",
						"department"
					]
				}
			},
			"response": []
		},
		{
			"name": "Update_Employee",
			"request": {
				"method": "PUT",
				"header": [],
				"body": {
					"mode": "raw",
					"raw": "{\r\n    \"emp_id\": 4,\r\n    \"firstName\": \"Akhash\",\r\n    \"lastName\": \"N\",\r\n    \"email\": \"akhash.n@cognizant.com\",\r\n    \"gender\": \"Male\",\r\n    \"department\": {\r\n        \"dept_id\": 2\r\n    },\r\n    \"salary\": {\r\n        \"amount\": 36000,\r\n        \"payroll\": \"USD\"\r\n    }\r\n}",
					"options": {
						"raw": {
							"language": "json"
						}
					}
				},
				"url": {
					"raw": "http://localhost:8080/api/employees",
					"protocol": "http",
					"host": [
						"localhost"
					],
					"port": "8080",
					"path": [
						"api",
						"employees"
					]
				}
			},
			"response": []
		},
		{
			"name": "Update_Salary",
			"request": {
				"method": "PUT",
				"header": [],
				"body": {
					"mode": "raw",
					"raw": "{\r\n    \"salary_id\": 13,\r\n    \"employeeID\": 1,\r\n    \"amount\": 10000000,\r\n    \"payroll\": \"INR\"\r\n}",
					"options": {
						"raw": {
							"language": "json"
						}
					}
				},
				"url": {
					"raw": "http://localhost:8080/api/salary",
					"protocol": "http",
					"host": [
						"localhost"
					],
					"port": "8080",
					"path": [
						"api",
						"salary"
					]
				}
			},
			"response": []
		},
		{
			"name": "Delete_Department",
			"request": {
				"method": "DELETE",
				"header": [],
				"url": {
					"raw": "http://localhost:8080/api/department/2",
					"protocol": "http",
					"host": [
						"localhost"
					],
					"port": "8080",
					"path": [
						"api",
						"department",
						"2"
					]
				}
			},
			"response": []
		},
		{
			"name": "Delete_Employee",
			"request": {
				"method": "DELETE",
				"header": [],
				"url": {
					"raw": "http://localhost:8080/api/employees/7",
					"protocol": "http",
					"host": [
						"localhost"
					],
					"port": "8080",
					"path": [
						"api",
						"employees",
						"7"
					]
				}
			},
			"response": []
		},
		{
			"name": "Delete_Attendance",
			"request": {
				"method": "DELETE",
				"header": [],
				"url": {
					"raw": "http://localhost:8080/api/attendance/6",
					"protocol": "http",
					"host": [
						"localhost"
					],
					"port": "8080",
					"path": [
						"api",
						"attendance",
						"6"
					]
				}
			},
			"response": []
		},
		{
			"name": "Delete_Salary",
			"request": {
				"method": "DELETE",
				"header": [],
				"url": {
					"raw": "http://localhost:8080/api/salary/10",
					"protocol": "http",
					"host": [
						"localhost"
					],
					"port": "8080",
					"path": [
						"api",
						"salary",
						"10"
					]
				}
			},
			"response": []
		}
	]
}